{
    "name": "KRK Kikötő",
    "x": 194.624924,
    "y": -5828.111328,
    "z": -0.798646,
    "r": 19
}