{
    "name": "LS Kikötő",
    "x": 2703.492432,
    "y": -2307.269531,
    "z": -0.538405,
    "r": 15
} 