{
    "name": "Palomino Creek Kikötő",
    "x": 2181.627686,
    "y": -157.472916,
    "z": -0.538125,
    "r": 30
}